p_min,p_max,cosTheta_min,cosTheta_max,charge_min,charge_max,data_MC_ratio,data_MC_uncertainty_stat_up,data_MC_uncertainty_stat_dn,data_MC_uncertainty_sys_up,data_MC_uncertainty_sys_dn,data_efficiency,data_uncertainty_stat_up,data_uncertainty_stat_dn,data_uncertainty_sys_up,data_uncertainty_sys_dn,MC_efficiency,MC_uncertainty_stat_up,MC_uncertainty_stat_dn,MC_uncertainty_sys_up,MC_uncertainty_sys_dn,threshold,variable
0.0,0.6,-0.866,-0.423,-2,0,0.0,1.0,1.0,1.0,1.0,0.0024767571900856777,0.005640615523476561,0.005640615523476561,0.030779122846351877,0.030779122846351877,-0.002460189090576229,0.0024436180914804238,0.0024436180914804238,0.0033983303981106766,0.0033983303981106766,0.1,pionIDNN
0.0,0.6,-0.866,-0.423,0,2,0.0,1.0,1.0,1.0,1.0,0.0020522498784343586,0.005697988456944737,0.005697988456944737,0.027774570746214606,0.027774570746214606,-0.002701738694849014,0.0024489418136011114,0.0024489418136011114,0.003712079833562909,0.003712079833562909,0.1,pionIDNN
0.0,0.6,-0.423,-0.1045,-2,0,0.0,1.0,1.0,1.0,1.0,-0.008024573858646395,0.006480133182679745,0.006480133182679745,0.03525908971125933,0.03525908971125933,-0.0004405935208478769,0.00285377162306345,0.00285377162306345,0.0010172740038177815,0.0010172740038177815,0.1,pionIDNN
0.0,0.6,-0.423,-0.1045,0,2,0.0,1.0,1.0,1.0,1.0,0.0011418904000651672,0.006460744650659038,0.006460744650659038,0.03376557915099183,0.03376557915099183,-0.005493419319786306,0.0028340084608098988,0.0028340084608098988,0.005891033633901615,0.005891033633901615,0.1,pionIDNN
0.0,0.6,-0.1045,0.225,-2,0,0.0,1.0,1.0,1.0,1.0,-0.0056134744133840685,0.006114965632309236,0.006114965632309236,0.033388688102934064,0.033388688102934064,-0.0024918145137862277,0.0028031732544405974,0.0028031732544405974,0.0031717712438124987,0.0031717712438124987,0.1,pionIDNN
0.0,0.6,-0.1045,0.225,0,2,0.0,1.0,1.0,1.0,1.0,0.0008426470199643674,0.006448505684812117,0.006448505684812117,0.03651412259220564,0.03651412259220564,-0.006314394748341375,0.0028054143410426438,0.0028054143410426438,0.00680507188278691,0.00680507188278691,0.1,pionIDNN
0.0,0.6,0.225,0.5,-2,0,0.0,1.0,1.0,1.0,1.0,-0.021742980375926955,0.0076252934889804915,0.0076252934889804915,0.043153364478323575,0.043153364478323575,-0.002125667496628299,0.0031638819761632265,0.0031638819761632265,0.00248931588169888,0.00248931588169888,0.1,pionIDNN
0.0,0.6,0.225,0.5,0,2,0.0,1.0,1.0,1.0,1.0,-0.023265003679250305,0.007663674612486786,0.007663674612486786,0.04623777906972973,0.04623777906972973,-0.006189224425853915,0.0031601036849767342,0.0031601036849767342,0.006320371966837521,0.006320371966837521,0.1,pionIDNN
0.0,0.6,0.5,0.766,-2,0,0.0,1.0,1.0,1.0,1.0,-0.020224398943038645,0.007974463782339203,0.007974463782339203,0.053977206635540786,0.053977206635540786,-0.009157851684155395,0.003374707283502701,0.003374707283502701,0.00939688598557765,0.00939688598557765,0.1,pionIDNN
0.0,0.6,0.5,0.766,0,2,0.0,1.0,1.0,1.0,1.0,-0.012780818221330547,0.008336216331944342,0.008336216331944342,0.055919605777006845,0.055919605777006845,-0.009125710193454546,0.0032925740770731573,0.0032925740770731573,0.009542190931220424,0.009542190931220424,0.1,pionIDNN
0.0,0.6,0.766,0.8829,-2,0,0.0,1.0,1.0,1.0,1.0,0.0009099789582970121,0.011375403139745369,0.011375403139745369,0.05481608854512169,0.05481608854512169,-0.0022396709983168125,0.004923272547394021,0.004923272547394021,0.003411859288772732,0.003411859288772732,0.1,pionIDNN
0.0,0.6,0.766,0.8829,0,2,0.0,1.0,1.0,1.0,1.0,-0.01201738844334733,0.01242226932385337,0.01242226932385337,0.06090473903259766,0.06090473903259766,-0.0018949034920418576,0.004812685447132767,0.004812685447132767,0.002816279413417779,0.002816279413417779,0.1,pionIDNN
0.0,0.6,0.8829,0.9563,-2,0,0.0,1.0,1.0,1.0,1.0,0.0015782782165208132,0.019862589726021885,0.019862589726021885,0.06159528481688657,0.06159528481688657,-0.007006181449501789,0.007851616182396945,0.007851616182396945,0.008434242856142275,0.008434242856142275,0.1,pionIDNN
0.0,0.6,0.8829,0.9563,0,2,2.9003021636135915,1.2271119195743803,1.2271119195743803,0.07450662287279597,0.07450662287279597,0.023172441393369433,0.01968370482155845,0.01968370482155845,0.0722687324243545,0.0722687324243545,0.007989664554295284,0.007075467408560508,0.007075467408560508,0.006548422869151161,0.006548422869151161,0.1,pionIDNN
0.6,1.0,-0.866,-0.423,-2,0,1.3521368673230376,0.015709961597265187,0.015709961597265187,0.0006241019202055664,0.0006241019202055664,0.37483874068941636,0.005053844529653697,0.005053844529653697,0.0028652153603138664,0.0028652153603138664,0.27721952544014467,0.002235346113438552,0.002235346113438552,7.001086140767665e-06,7.001086140767665e-06,0.1,pionIDNN
0.6,1.0,-0.866,-0.423,0,2,1.317832388204944,0.01596655633912437,0.01596655633912437,0.0009243373524929765,0.0009243373524929765,0.3774665083815265,0.005237954762068419,0.005237954762068419,0.00324469496699481,0.00324469496699481,0.28642983110749315,0.002262082602780337,0.002262082602780337,0.0009882840986872865,0.0009882840986872865,0.1,pionIDNN
0.6,1.0,-0.423,-0.1045,-2,0,1.1933315127114503,0.06741687318750558,0.06741687318750558,0.0413198839891713,0.0413198839891713,0.05525741805623725,0.0032939484601478314,0.0032939484601478314,0.005480183705545136,0.005480183705545136,0.04630516957578961,0.0014581105123596713,0.0014581105123596713,0.0006555502021626733,0.0006555502021626733,0.1,pionIDNN
0.6,1.0,-0.423,-0.1045,0,2,1.178498034277254,0.07495079787406779,0.07495079787406779,0.04332645668804247,0.04332645668804247,0.04694311154530032,0.00309833535732496,0.00309833535732496,0.00505845430689443,0.00505845430689443,0.03983299944500074,0.0014146991534565348,0.0014146991534565348,0.0007741759155889746,0.0007741759155889746,0.1,pionIDNN
0.6,1.0,-0.1045,0.225,-2,0,1.335947007246484,0.049704664111487294,0.049704664111487294,0.026049994189335512,0.026049994189335512,0.07798017058701294,0.0033392492735755002,0.0033392492735755002,0.005654060349987555,0.005654060349987555,0.058370706445712704,0.0014730357168278609,0.0014730357168278609,0.0010958808187392088,0.0010958808187392088,0.1,pionIDNN
0.6,1.0,-0.1045,0.225,0,2,1.2237197635113397,0.05522217378483029,0.05522217378483029,0.03092796003263998,0.03092796003263998,0.0655437387408117,0.0031749471782714644,0.0031749471782714644,0.005349673633134114,0.005349673633134114,0.053561069041445065,0.001420168844469992,0.001420168844469992,0.001082250508461731,0.001082250508461731,0.1,pionIDNN
0.6,1.0,0.225,0.5,-2,0,1.4241516734194315,0.05373997945748592,0.05373997945748592,0.02325303721585259,0.02325303721585259,0.07667044819033782,0.003514274634238203,0.003514274634238203,0.006188799521812505,0.006188799521812505,0.05383587269623448,0.0015103212150992566,0.0015103212150992566,6.07202770498208e-05,6.07202770498208e-05,0.1,pionIDNN
0.6,1.0,0.225,0.5,0,2,1.3665601158881346,0.05515529680711735,0.05515529680711735,0.03390411820354622,0.03390411820354622,0.07318623339781681,0.0034788912067575703,0.0034788912067575703,0.0064552331805704105,0.0064552331805704105,0.05355507785345593,0.001498156607196911,0.001498156607196911,0.0030412649614233664,0.0030412649614233664,0.1,pionIDNN
0.6,1.0,0.5,0.766,-2,0,1.5967089588612857,0.06040634366839113,0.06040634366839113,0.023742159834392096,0.023742159834392096,0.06938941946359495,0.003462551540933044,0.003462551540933044,0.007317120776649685,0.007317120776649685,0.04345777549408938,0.0014794090812564292,0.0014794090812564292,0.0018407331804335056,0.0018407331804335056,0.1,pionIDNN
0.6,1.0,0.5,0.766,0,2,1.2471307494358146,0.07446169989022461,0.07446169989022461,0.06557166459021624,0.06557166459021624,0.05066762336874503,0.0032986448769562506,0.0032986448769562506,0.007918551643518713,0.007918551643518713,0.040627354743411136,0.001468253446563051,0.001468253446563051,0.0018177558959931867,0.0018177558959931867,0.1,pionIDNN
0.6,1.0,0.766,0.8829,-2,0,2.058430956456469,0.06600507932593995,0.06600507932593995,0.0072994021243317775,0.0072994021243317775,0.11539526365331783,0.0059432733388478836,0.0059432733388478836,0.009108891495913693,0.009108891495913693,0.05605981745045631,0.0023141558123979944,0.0023141558123979944,0.0035440340182772423,0.0035440340182772423,0.1,pionIDNN
0.6,1.0,0.766,0.8829,0,2,2.3667091258536934,0.06597251640816194,0.06597251640816194,0.039777788656167434,0.039777788656167434,0.12146776389270537,0.006020674307797293,0.006020674307797293,0.007650708248464324,0.007650708248464324,0.05132348650951809,0.0022345364390294995,0.0022345364390294995,0.0028838472101460136,0.0028838472101460136,0.1,pionIDNN
0.6,1.0,0.8829,0.9563,-2,0,2.006254274762404,0.05928013141009578,0.05928013141009578,0.012093233582242346,0.012093233582242346,0.19653571044225868,0.009079888825713615,0.009079888825713615,0.006817648616249172,0.006817648616249172,0.0979615161022069,0.0036387431084940196,0.0036387431084940196,0.009690194711914443,0.009690194711914443,0.1,pionIDNN
0.6,1.0,0.8829,0.9563,0,2,2.376900608796431,0.05812695197655514,0.05812695197655514,0.022168749523650444,0.022168749523650444,0.20254436881987106,0.00885994107251193,0.00885994107251193,0.007825857253182522,0.007825857253182522,0.0852136467424406,0.0032618844928902512,0.0032618844928902512,0.0025526417884420144,0.0025526417884420144,0.1,pionIDNN
1.0,1.2,-0.866,-0.423,-2,0,0.9796209055504349,0.008701766212960106,0.008701766212960106,0.0014356756691618067,0.0014356756691618067,0.7590563217823613,0.006005263742995332,0.006005263742995332,0.001795831144922211,0.001795831144922211,0.7748470020204994,0.0028075903677567114,0.0028075903677567114,0.003084736602604443,0.003084736602604443,0.1,pionIDNN
1.0,1.2,-0.866,-0.423,0,2,0.9902660007728635,0.008967721815550615,0.008967721815550615,0.0007812083112987978,0.0007812083112987978,0.762859291363083,0.0062263811955053155,0.0062263811955053155,0.0014102209139854605,0.0014102209139854605,0.7703579551026708,0.0028621078035896636,0.0028621078035896636,0.0008328925312345303,0.0008328925312345303,0.1,pionIDNN
1.0,1.2,-0.423,-0.1045,-2,0,0.9445132100075119,0.050093715512859405,0.050093715512859405,0.00967176872446307,0.00967176872446307,0.11552776403294955,0.005252981024289646,0.005252981024289646,0.00244932759524244,0.00244932759524244,0.12231460905880898,0.002571260539282126,0.002571260539282126,0.002779873178530401,0.002779873178530401,0.1,pionIDNN
1.0,1.2,-0.423,-0.1045,0,2,1.0802038746250628,0.05258465955053011,0.05258465955053011,0.012274237192717141,0.012274237192717141,0.1136442691026736,0.0053756581423440595,0.0053756581423440595,0.002843235603352895,0.002843235603352895,0.10520631500430357,0.0024165866005791178,0.0024165866005791178,0.003296014078649434,0.003296014078649434,0.1,pionIDNN
1.0,1.2,-0.1045,0.225,-2,0,1.013470463222836,0.040043660014241075,0.040043660014241075,0.005025321691807028,0.005025321691807028,0.14469129718894128,0.005219983134950275,0.005219983134950275,0.0021602194957483223,0.0021602194957483223,0.14276814415372596,0.002480910742214399,0.002480910742214399,0.0015096836525463064,0.0015096836525463064,0.1,pionIDNN
1.0,1.2,-0.1045,0.225,0,2,1.0405932668056586,0.04404384798289366,0.04404384798289366,0.007350657325859711,0.007350657325859711,0.12684183845631755,0.005024242073024332,0.005024242073024332,0.002503106221518281,0.002503106221518281,0.12189377204571761,0.002347477305735684,0.002347477305735684,0.0015896784234802341,0.0015896784234802341,0.1,pionIDNN
1.0,1.2,0.225,0.5,-2,0,1.1756663282053168,0.035068338334261234,0.035068338334261234,0.005911938807845241,0.005911938807845241,0.18816035856094798,0.0058020002512553055,0.0058020002512553055,0.002883212337523061,0.002883212337523061,0.16004571539288648,0.002673129284212376,0.002673129284212376,0.0015321027289157962,0.0015321027289157962,0.1,pionIDNN
1.0,1.2,0.225,0.5,0,2,1.2151029179689419,0.03810997250482524,0.03810997250482524,0.002950381114441347,0.002950381114441347,0.16895264898251544,0.005662210930070023,0.005662210930070023,0.0022900156861392074,0.0022900156861392074,0.13904390030181285,0.0025228282685083978,0.0025228282685083978,0.0019374404030938488,0.0019374404030938488,0.1,pionIDNN
1.0,1.2,0.5,0.766,-2,0,1.1582249825259294,0.03848512561154078,0.03848512561154078,0.007507437466561351,0.007507437466561351,0.16679153197870414,0.005653795434790711,0.005653795434790711,0.003119020613609025,0.003119020613609025,0.1440061598524276,0.0026242044905832223,0.0026242044905832223,0.001768700892855024,0.001768700892855024,0.1,pionIDNN
1.0,1.2,0.5,0.766,0,2,1.1786452719493037,0.041709591311140035,0.041709591311140035,0.015002845675570864,0.015002845675570864,0.15030900362306,0.005534805309562349,0.005534805309562349,0.003977819231082841,0.003977819231082841,0.12752692196734586,0.0024982521136142108,0.0024982521136142108,0.0031080858487849417,0.0031080858487849417,0.1,pionIDNN
1.0,1.2,0.766,0.8829,-2,0,1.332879555631261,0.0416940644106135,0.0416940644106135,0.0012869500564596237,0.0012869500564596237,0.26812589242167245,0.00958619594723659,0.00958619594723659,0.002471936317373302,0.002471936317373302,0.20116288173891766,0.004315152893178635,0.004315152893178635,0.003242276823983814,0.003242276823983814,0.1,pionIDNN
1.0,1.2,0.766,0.8829,0,2,1.4767325579889825,0.04363014416423322,0.04363014416423322,3.671799074789206e-05,3.671799074789206e-05,0.2652051738907572,0.009856391441826233,0.009856391441826233,0.0027213826792363283,0.0027213826792363283,0.17958916965433075,0.004104469986462593,0.004104469986462593,0.001143756497806958,0.001143756497806958,0.1,pionIDNN
1.0,1.2,0.8829,0.9563,-2,0,1.2292405052139945,0.04845606986387172,0.04845606986387172,0.01448943745279574,0.01448943745279574,0.3146237163500092,0.013290882897715173,0.013290882897715173,0.0060608358771583335,0.0060608358771583335,0.2559496819503498,0.006075541509169503,0.006075541509169503,0.005016042191659742,0.005016042191659742,0.1,pionIDNN
1.0,1.2,0.8829,0.9563,0,2,1.5536660647407436,0.0449927150876836,0.0449927150876836,0.00014893101060398095,0.00014893101060398095,0.3401292860702632,0.0128142609454463,0.0128142609454463,0.0033272965122392306,0.0033272965122392306,0.2189204577413614,0.005384567213612705,0.005384567213612705,0.004689375307146554,0.004689375307146554,0.1,pionIDNN
1.2,1.4,-0.866,-0.423,-2,0,0.9865110917556498,0.007927411338346792,0.007927411338346792,0.001137071081664498,0.001137071081664498,0.7882618875174131,0.00568838525304532,0.00568838525304532,0.0018296638491586137,0.0018296638491586137,0.799040065646478,0.0026220121002997923,0.0026220121002997923,0.006937245249090451,0.006937245249090451,0.1,pionIDNN
1.2,1.4,-0.866,-0.423,0,2,0.9985426134267499,0.008157255935707442,0.008157255935707442,0.0008385086489972604,0.0008385086489972604,0.7877947298262132,0.005836832821684629,0.005836832821684629,0.0017117713644324573,0.0017117713644324573,0.7889445269868831,0.002692415053726818,0.002692415053726818,0.008495495395434816,0.008495495395434816,0.1,pionIDNN
1.2,1.4,-0.423,-0.1045,-2,0,1.008278944390652,0.04642533181995259,0.04642533181995259,0.010184725260478755,0.010184725260478755,0.1236097326576099,0.0051725912283007896,0.0051725912283007896,0.0023283134011628376,0.0023283134011628376,0.12259477731364586,0.0024647688078845123,0.0024647688078845123,0.0020530155214540935,0.0020530155214540935,0.1,pionIDNN
1.2,1.4,-0.423,-0.1045,0,2,1.0588483501749528,0.04922110736514578,0.04922110736514578,0.0029150228431280567,0.0029150228431280567,0.11708548478525689,0.005184976993407082,0.005184976993407082,0.0017168982360091373,0.0017168982360091373,0.11057814347626922,0.0023759444044058947,0.0023759444044058947,0.005545308817976949,0.005545308817976949,0.1,pionIDNN
1.2,1.4,-0.1045,0.225,-2,0,1.0893834438020489,0.03845426938769666,0.03845426938769666,0.00812915089276256,0.00812915089276256,0.14985233456762456,0.005124432491135301,0.005124432491135301,0.002391315408261263,0.002391315408261263,0.13755701486028288,0.0024193106323004204,0.0024193106323004204,0.005058824519347804,0.005058824519347804,0.1,pionIDNN
1.2,1.4,-0.1045,0.225,0,2,0.9973198472385905,0.04429467127223644,0.04429467127223644,0.009897231404451423,0.009897231404451423,0.12485788615876947,0.005027973546711724,0.005027973546711724,0.0024495045222824308,0.0024495045222824308,0.12519342365889918,0.0023097407396827545,0.0023097407396827545,0.003325736749342667,0.003325736749342667,0.1,pionIDNN
1.2,1.4,0.225,0.5,-2,0,1.1596932934416802,0.03444908419454324,0.03444908419454324,0.006754870996082518,0.006754870996082518,0.1883833932295324,0.0057462758055498945,0.0057462758055498945,0.002400819230407275,0.002400819230407275,0.16244242705798317,0.002600605521747417,0.002600605521747417,0.002408524695877712,0.002408524695877712,0.1,pionIDNN
1.2,1.4,0.225,0.5,0,2,1.2827176231100963,0.03411903233208628,0.03411903233208628,9.566583821341013e-05,9.566583821341013e-05,0.19589810342863598,0.005840691975538993,0.005840691975538993,0.0014543206748953708,0.0014543206748953708,0.15272114446643253,0.0025334093989077665,0.0025334093989077665,0.0022818394205776082,0.0022818394205776082,0.1,pionIDNN
1.2,1.4,0.5,0.766,-2,0,1.176284454248684,0.03545887999886442,0.03545887999886442,0.00612429217308752,0.00612429217308752,0.18421777529929864,0.005754819556413365,0.005754819556413365,0.0023659592422786146,0.0023659592422786146,0.15660988686360064,0.0026273301564683246,0.0026273301564683246,0.0006016110711544731,0.0006016110711544731,0.1,pionIDNN
1.2,1.4,0.5,0.766,0,2,1.2434259700623445,0.037313008148417,0.037313008148417,0.00526264173759694,0.00526264173759694,0.17487201777656428,0.005728636035737887,0.005728636035737887,0.0024994781815408096,0.0024994781815408096,0.14063725705181815,0.002512283533709033,0.002512283533709033,0.00464029058695567,0.00464029058695567,0.1,pionIDNN
1.2,1.4,0.766,0.8829,-2,0,1.2991386357855332,0.03924721288892695,0.03924721288892695,0.00012506632577924393,0.00012506632577924393,0.28999238804466304,0.009870317004528593,0.009870317004528593,0.001549249086507887,0.001549249086507887,0.22321896990563836,0.004361989275940023,0.004361989275940023,0.001976432393212213,0.001976432393212213,0.1,pionIDNN
1.2,1.4,0.766,0.8829,0,2,1.268577289058097,0.043193547121640426,0.043193547121640426,0.0030756087159573564,0.0030756087159573564,0.25334411175855226,0.009555183811550913,0.009555183811550913,0.0021679587414490387,0.0021679587414490387,0.1997072736077887,0.004204152593185745,0.004204152593185745,0.0003860481445709385,0.0003860481445709385,0.1,pionIDNN
1.2,1.4,0.8829,0.9563,-2,0,0.9851723205283943,0.058165709384927315,0.058165709384927315,0.009072628226645008,0.009072628226645008,0.24493769395154114,0.012989764084941994,0.012989764084941994,0.004527670640853715,0.004527670640853715,0.2486242141072026,0.005939766538116363,0.005939766538116363,0.011010384808012919,0.011010384808012919,0.1,pionIDNN
1.2,1.4,0.8829,0.9563,0,2,1.218321727098837,0.049988476372487926,0.049988476372487926,0.008702198010425155,0.008702198010425155,0.269981592586336,0.011839114272653224,0.011839114272653224,0.004686763708290243,0.004686763708290243,0.2216012294463773,0.0053179141159988815,0.0053179141159988815,0.013538170869246052,0.013538170869246052,0.1,pionIDNN
1.4,1.6,-0.866,-0.423,-2,0,0.9852686469880172,0.00771898264269783,0.00771898264269783,0.002100937043114759,0.002100937043114759,0.7915498869759555,0.005568046727300776,0.005568046727300776,0.0031400402778707366,0.0031400402778707366,0.8033848325487032,0.002553256956322647,0.002553256956322647,0.013754869990752594,0.013754869990752594,0.1,pionIDNN
1.4,1.6,-0.866,-0.423,0,2,0.9947576395769343,0.008094288438542069,0.008094288438542069,0.001319750935496966,0.001319750935496966,0.7865850919166161,0.0058054361468061885,0.0058054361468061885,0.0025123407249332264,0.0025123407249332264,0.7907303855953768,0.0026279009168201886,0.0026279009168201886,0.014088176746009484,0.014088176746009484,0.1,pionIDNN
1.4,1.6,-0.423,-0.1045,-2,0,1.1641855293829164,0.04146309973360236,0.04146309973360236,0.0066724568244322935,0.0066724568244322935,0.14335294338885854,0.005260517077679952,0.005260517077679952,0.0020783899489468793,0.0020783899489468793,0.12313582308899136,0.0023767862772716623,0.0023767862772716623,0.0011148346071314652,0.0011148346071314652,0.1,pionIDNN
1.4,1.6,-0.423,-0.1045,0,2,1.0678247092244393,0.04670078212830369,0.04670078212830369,0.006405420696701025,0.006405420696701025,0.12161117797923562,0.005107287460549482,0.005107287460549482,0.0019641654495323596,0.0019641654495323596,0.1138868364149035,0.0023262676664107776,0.0023262676664107776,0.003305103087653652,0.003305103087653652,0.1,pionIDNN
1.4,1.6,-0.1045,0.225,-2,0,1.0975833651008133,0.03762947116058775,0.03762947116058775,0.0025943023586596503,0.0025943023586596503,0.1487867438621959,0.00497495561380812,0.00497495561380812,0.0015997071903184334,0.0015997071903184334,0.13555849021867217,0.002339930186015034,0.002339930186015034,0.0042292981738815405,0.0042292981738815405,0.1,pionIDNN
1.4,1.6,-0.1045,0.225,0,2,1.1011479118686975,0.04185102890155054,0.04185102890155054,0.010398491136366594,0.010398491136366594,0.13252406887886364,0.004960101163051814,0.004960101163051814,0.0026185220341884974,0.0026185220341884974,0.1203508333898253,0.002253676311536479,0.002253676311536479,0.003377915123050315,0.003377915123050315,0.1,pionIDNN
1.4,1.6,0.225,0.5,-2,0,1.2352878808971228,0.03206691562243236,0.03206691562243236,0.004540459426865429,0.004540459426865429,0.2115943039446037,0.005975355621081356,0.005975355621081356,0.0020123816182836263,0.0020123816182836263,0.17129149181884162,0.0026023203090741616,0.0026023203090741616,0.003242075395318788,0.003242075395318788,0.1,pionIDNN
1.4,1.6,0.225,0.5,0,2,1.2876406334931987,0.03288478687210886,0.03288478687210886,0.007408445547711917,0.007408445547711917,0.2102192792531936,0.006065588938602737,0.006065588938602737,0.0024529919035264913,0.0024529919035264913,0.16325927730542064,0.0025755533529674564,0.0025755533529674564,0.0022095040637823415,0.0022095040637823415,0.1,pionIDNN
1.4,1.6,0.5,0.766,-2,0,1.222903628829474,0.03388969640385687,0.03388969640385687,0.00046184972618790177,0.00046184972618790177,0.19874751522901793,0.005928827027084602,0.005928827027084602,0.0013778799227169014,0.0013778799227169014,0.1625209955581316,0.002613638746140401,0.002613638746140401,0.0028349733179970638,0.0028349733179970638,0.1,pionIDNN
1.4,1.6,0.5,0.766,0,2,1.250479457870306,0.035374016828206664,0.035374016828206664,0.007519163530816275,0.007519163530816275,0.18648362762152682,0.005782635544371862,0.005782635544371862,0.0025261855480402107,0.0025261855480402107,0.14912970097016023,0.002538600664701498,0.002538600664701498,0.0036847592477334545,0.0036847592477334545,0.1,pionIDNN
1.4,1.6,0.766,0.8829,-2,0,1.276164449105974,0.03969265481541365,0.03969265481541365,0.001857025460201056,0.001857025460201056,0.27278861949659716,0.009405423385383268,0.009405423385383268,0.0016592576629698708,0.0016592576629698708,0.21375663590041324,0.004203563329739957,0.004203563329739957,0.0031617387849517398,0.0031617387849517398,0.1,pionIDNN
1.4,1.6,0.766,0.8829,0,2,1.3317108399882034,0.04097644132871282,0.04097644132871282,0.005050804352196847,0.005050804352196847,0.26134090005048827,0.00924329775046077,0.00924329775046077,0.0005670964154223523,0.0005670964154223523,0.1962444790588348,0.004060511848066484,0.004060511848066484,0.0027924390792069265,0.0027924390792069265,0.1,pionIDNN
1.4,1.6,0.8829,0.9563,-2,0,1.1751324376725218,0.05453254346870799,0.05453254346870799,0.0017957242771449167,0.0017957242771449167,0.26561654059952994,0.012829262748564574,0.012829262748564574,0.0035973134965005538,0.0035973134965005538,0.22603115366776236,0.005722268609324502,0.005722268609324502,0.0229648302679806,0.0229648302679806,0.1,pionIDNN
1.4,1.6,0.8829,0.9563,0,2,1.1267734742545747,0.054096612493475874,0.054096612493475874,0.009946860209225639,0.009946860209225639,0.2419713688852033,0.011598060751962201,0.011598060751962201,0.004333703840411235,0.004333703840411235,0.21474712922691158,0.0053858768208652034,0.0053858768208652034,0.019205917319431193,0.019205917319431193,0.1,pionIDNN
1.6,1.8,-0.866,-0.423,-2,0,0.9920194787283592,0.007258014174519793,0.007258014174519793,0.0019604525262101324,0.0019604525262101324,0.8063571724755157,0.005320194799715414,0.005320194799715414,0.0030789515413348623,0.0030789515413348623,0.8128440920425892,0.0024584492865782764,0.0024584492865782764,0.016003666199848166,0.016003666199848166,0.1,pionIDNN
1.6,1.8,-0.866,-0.423,0,2,0.9933174840642337,0.00770126698399504,0.00770126698399504,0.002514717040933423,0.002514717040933423,0.7937053031108463,0.005563628247981964,0.005563628247981964,0.0037336470040757463,0.0037336470040757463,0.7990449336131092,0.0025486598928678335,0.0025486598928678335,0.019999060423748105,0.019999060423748105,0.1,pionIDNN
1.6,1.8,-0.423,-0.1045,-2,0,1.0415249254054266,0.042483810354163834,0.042483810354163834,0.007828588135599723,0.007828588135599723,0.1327843141506999,0.005069841750648142,0.005069841750648142,0.0020632960202890682,0.0020632960202890682,0.12749028939370985,0.0023751655311419506,0.0023751655311419506,0.002058228126505774,0.002058228126505774,0.1,pionIDNN
1.6,1.8,-0.423,-0.1045,0,2,1.097463727804744,0.04454036304174902,0.04454036304174902,0.0025104023286368626,0.0025104023286368626,0.13102503403671123,0.005231460272650641,0.005231460272650641,0.0014216519050433973,0.0014216519050433973,0.11938894262938467,0.00235672727394405,0.00235672727394405,0.004236241401099447,0.004236241401099447,0.1,pionIDNN
1.6,1.8,-0.1045,0.225,-2,0,1.1940687815576578,0.036566983225900726,0.036566983225900726,0.003112234855134899,0.003112234855134899,0.16242171618766327,0.0052470373378230885,0.0052470373378230885,0.0016467208887636087,0.0016467208887636087,0.13602375231331718,0.00233045540277003,0.00233045540277003,0.004364442315770822,0.004364442315770822,0.1,pionIDNN
1.6,1.8,-0.1045,0.225,0,2,1.1380353956971028,0.03891498581687075,0.03891498581687075,0.009070621841711812,0.009070621841711812,0.14644881323156536,0.0050714975258559555,0.0050714975258559555,0.0021125726486277696,0.0021125726486277696,0.12868563999440302,0.0022844908440097854,0.0022844908440097854,0.0009881559742075385,0.0009881559742075385,0.1,pionIDNN
1.6,1.8,0.225,0.5,-2,0,1.3478091721648064,0.028532376450572584,0.028532376450572584,0.0021874509524499874,0.0021874509524499874,0.25141405096420405,0.006194306144948532,0.006194306144948532,0.0015954887977916998,0.0015954887977916998,0.18653534651377326,0.0026842428411778642,0.0026842428411778642,0.0032220011277739324,0.0032220011277739324,0.1,pionIDNN
1.6,1.8,0.225,0.5,0,2,1.3787257744222974,0.03003950131396797,0.03003950131396797,0.0037445876222881314,0.0037445876222881314,0.23821871533318817,0.006182444554878418,0.006182444554878418,0.0018305220995170624,0.0018305220995170624,0.17278179588178416,0.0026136546511630184,0.0026136546511630184,0.0033213675274441357,0.0033213675274441357,0.1,pionIDNN
1.6,1.8,0.5,0.766,-2,0,1.1640831474843896,0.03134640188895161,0.03134640188895161,0.0025462086815541962,0.0025462086815541962,0.2130971064046873,0.005903952121442111,0.005903952121442111,0.0015810982769489945,0.0015810982769489945,0.18306003902315315,0.002684216530822102,0.002684216530822102,0.0022129259980956106,0.0022129259980956106,0.1,pionIDNN
1.6,1.8,0.5,0.766,0,2,1.2985073779971412,0.032135333352331326,0.032135333352331326,0.0016088772148121766,0.0016088772148121766,0.21282371407617676,0.005973985908178117,0.005973985908178117,0.0015642064480543838,0.0015642064480543838,0.16389873302409938,0.0025641031031000887,0.0025641031031000887,0.002464940066031096,0.002464940066031096,0.1,pionIDNN
1.6,1.8,0.766,0.8829,-2,0,1.4370692501149567,0.03689308744846578,0.03689308744846578,0.0024946594340451433,0.0024946594340451433,0.3047568493257467,0.009542111399623182,0.009542111399623182,0.0009322024924627303,0.0009322024924627303,0.2120683114619341,0.00413803890059948,0.00413803890059948,0.005061400093542806,0.005061400093542806,0.1,pionIDNN
1.6,1.8,0.766,0.8829,0,2,1.3938625933439948,0.03990338703810942,0.03990338703810942,0.002051755487775253,0.002051755487775253,0.2691574221268233,0.00920477611672325,0.00920477611672325,0.0013169640179446218,0.0013169640179446218,0.1931018332883816,0.0039703160143046805,0.0039703160143046805,0.003680018465772983,0.003680018465772983,0.1,pionIDNN
1.6,1.8,0.8829,0.9563,-2,0,1.1912464934398,0.05814809992541054,0.05814809992541054,0.0091226414586707,0.0091226414586707,0.23627361135773872,0.012122763733577247,0.012122763733577247,0.005277419889446022,0.005277419889446022,0.19834149578521204,0.005427003425849126,0.005427003425849126,0.027999419687969655,0.027999419687969655,0.1,pionIDNN
1.6,1.8,0.8829,0.9563,0,2,1.1357105465807786,0.059781051235398876,0.059781051235398876,0.015606463342332733,0.015606463342332733,0.20729647520806602,0.01099708799763091,0.01099708799763091,0.005657228610550569,0.005657228610550569,0.18252579922953266,0.00503012250969716,0.00503012250969716,0.019201363096739088,0.019201363096739088,0.1,pionIDNN
1.8,2.0,-0.866,-0.423,-2,0,0.9980760595383563,0.007133120777023415,0.007133120777023415,0.002049989077893666,0.002049989077893666,0.8084394264235844,0.005230125850521271,0.005230125850521271,0.0036839745847000453,0.0036839745847000453,0.8099978139917661,0.002433790771333345,0.002433790771333345,0.023809086559118287,0.023809086559118287,0.1,pionIDNN
1.8,2.0,-0.866,-0.423,0,2,0.9838030197300066,0.007558597479897296,0.007558597479897296,0.002861413302115534,0.002861413302115534,0.794226298234685,0.005492888840012615,0.005492888840012615,0.0042462126053633975,0.0042462126053633975,0.8073021553162657,0.002462072480146492,0.002462072480146492,0.022391527814321965,0.022391527814321965,0.1,pionIDNN
1.8,2.0,-0.423,-0.1045,-2,0,1.1261167794386489,0.04196276899956815,0.04196276899956815,0.0066396990281809565,0.0066396990281809565,0.13547119165985666,0.005037883970133483,0.005037883970133483,0.001921574545718313,0.001921574545718313,0.12029941666208623,0.0023386927754180616,0.0023386927754180616,0.00960134793853197,0.00960134793853197,0.1,pionIDNN
1.8,2.0,-0.423,-0.1045,0,2,1.0971795140353486,0.04480175303237814,0.04480175303237814,0.003516212762598725,0.003516212762598725,0.12849306360679696,0.005157158287210381,0.005157158287210381,0.001334873110757917,0.001334873110757917,0.11711216073859106,0.0023314532324022544,0.0023314532324022544,0.006300950603760666,0.006300950603760666,0.1,pionIDNN
1.8,2.0,-0.1045,0.225,-2,0,1.1710543194729734,0.03492762638591175,0.03492762638591175,0.004600391024554007,0.004600391024554007,0.17511771523988515,0.0054196367098354285,0.0054196367098354285,0.0015567523990718535,0.0015567523990718535,0.14953850758920895,0.002421080053940682,0.002421080053940682,0.0034759342232767165,0.0034759342232767165,0.1,pionIDNN
1.8,2.0,-0.1045,0.225,0,2,1.1571385482191041,0.03784113271652989,0.03784113271652989,0.007051074918169364,0.007051074918169364,0.15543086976055434,0.00522712074066538,0.00522712074066538,0.0018576008126847399,0.0018576008126847399,0.1343234740556958,0.0023303586855305315,0.0023303586855305315,0.005036297346397101,0.005036297346397101,0.1,pionIDNN
1.8,2.0,0.225,0.5,-2,0,1.2632643112852635,0.026642532629426088,0.026642532629426088,0.0024389656832151108,0.0024389656832151108,0.27178154725511394,0.00628733275750992,0.00628733275750992,0.0014454965517750051,0.0014454965517750051,0.21514226660816488,0.00284324215528586,0.00284324215528586,0.003054522193811249,0.003054522193811249,0.1,pionIDNN
1.8,2.0,0.225,0.5,0,2,1.3252641602310558,0.02811604350256335,0.02811604350256335,0.00013007061934344755,0.00013007061934344755,0.25986306873721926,0.006331881859634782,0.006331881859634782,0.0011553877914147748,0.0011553877914147748,0.19608397822507548,0.0027507654579320127,0.0027507654579320127,0.004327036982487209,0.004327036982487209,0.1,pionIDNN
1.8,2.0,0.5,0.766,-2,0,1.2587532087027145,0.028340094261121104,0.028340094261121104,0.002307304667563681,0.002307304667563681,0.2457248570067594,0.006070677723075517,0.006070677723075517,0.0016854906053061502,0.0016854906053061502,0.19521289424160138,0.0027106829979990595,0.0027106829979990595,0.004232198041964508,0.004232198041964508,0.1,pionIDNN
1.8,2.0,0.5,0.766,0,2,1.3129887481175695,0.029324284957708006,0.029324284957708006,0.00169485206253972,0.00169485206253972,0.23524025747530983,0.005967130524604651,0.005967130524604651,0.0014921392935586808,0.0014921392935586808,0.17916395537476884,0.0026360497661021788,0.0026360497661021788,0.003404482628451777,0.003404482628451777,0.1,pionIDNN
1.8,2.0,0.766,0.8829,-2,0,1.3004339936834513,0.03890739513706574,0.03890739513706574,0.0006251519872833011,0.0006251519872833011,0.27288163246678704,0.009230655971502296,0.009230655971502296,0.0014540815600422308,0.0014540815600422308,0.20983889516287996,0.004033860034574101,0.004033860034574101,0.008708667060099928,0.008708667060099928,0.1,pionIDNN
1.8,2.0,0.766,0.8829,0,2,1.3578646426465255,0.040439701295345305,0.040439701295345305,0.004011241716985525,0.004011241716985525,0.25135067476310236,0.00874453127634617,0.00874453127634617,0.000874394009229118,0.000874394009229118,0.18510731251769774,0.0038161474457988477,0.0038161474457988477,0.003798488260249144,0.003798488260249144,0.1,pionIDNN
1.8,2.0,0.8829,0.9563,-2,0,1.1619333393549804,0.06420005608147694,0.06420005608147694,0.020693242052333805,0.020693242052333805,0.2044984608785668,0.011616073702178075,0.011616073702178075,0.006332502114574506,0.006332502114574506,0.17599844496422595,0.005265547247779808,0.005265547247779808,0.02743430686469919,0.02743430686469919,0.1,pionIDNN
1.8,2.0,0.8829,0.9563,0,2,1.2394701917049662,0.06276194286302268,0.06276194286302268,0.0026430765528371314,0.0026430765528371314,0.19486772997617327,0.010735444510922608,0.010735444510922608,0.003146333968771509,0.003146333968771509,0.15721856909533333,0.004727159718417881,0.004727159718417881,0.02096177428711901,0.02096177428711901,0.1,pionIDNN
2.0,2.2,-0.866,-0.423,-2,0,0.9944300247595511,0.0072854667405794086,0.0072854667405794086,0.0026436360528279135,0.0026436360528279135,0.8047038350857474,0.005320255289010596,0.005320255289010596,0.004330586185036678,0.004330586185036678,0.8092111209939797,0.00247661153108445,0.00247661153108445,0.026126376598271443,0.026126376598271443,0.1,pionIDNN
2.0,2.2,-0.866,-0.423,0,2,0.9969619182863346,0.007577752078436095,0.007577752078436095,0.0015726077384278225,0.0015726077384278225,0.7990355264996458,0.005492718922686612,0.005492718922686612,0.003622919227699861,0.003622919227699861,0.8014704592459239,0.0025556594238834193,0.0025556594238834193,0.028921836462899253,0.028921836462899253,0.1,pionIDNN
2.0,2.2,-0.423,-0.1045,-2,0,1.0846007329607983,0.04491152862592896,0.04491152862592896,0.0018493343516987615,0.0018493343516987615,0.1293500958129022,0.005203687058855384,0.005203687058855384,0.0012269370734501461,0.0012269370734501461,0.11926056463173847,0.0023811361465620627,0.0023811361465620627,0.01351293484583592,0.01351293484583592,0.1,pionIDNN
2.0,2.2,-0.423,-0.1045,0,2,1.1710749319102953,0.04661750182067929,0.04661750182067929,0.0025243206089491377,0.0025243206089491377,0.12831540935743233,0.0052992796507441665,0.0052992796507441665,0.0012477343097954674,0.0012477343097954674,0.10957062256308404,0.0023693515173195275,0.0023693515173195275,0.013466982402231764,0.013466982402231764,0.1,pionIDNN
2.0,2.2,-0.1045,0.225,-2,0,1.304535163965202,0.03282638660393202,0.03282638660393202,0.0017636762190680333,0.0017636762190680333,0.19941968730023588,0.005684372871148631,0.005684372871148631,0.0013260217117832263,0.0013260217117832263,0.15286647137520573,0.0024887723610347253,0.0024887723610347253,0.010204910670083361,0.010204910670083361,0.1,pionIDNN
2.0,2.2,-0.1045,0.225,0,2,1.2552914101176473,0.03525694310759468,0.03525694310759468,0.001817782342441232,0.001817782342441232,0.18366529303948823,0.00568519567577117,0.00568519567577117,0.0012897993222655557,0.0012897993222655557,0.1463128732971055,0.002469591033960065,0.002469591033960065,0.00902959245631918,0.00902959245631918,0.1,pionIDNN
2.0,2.2,0.225,0.5,-2,0,1.2885748132802735,0.02431318598078854,0.02431318598078854,0.0021171240752184683,0.0021171240752184683,0.31944746796142875,0.006728974550027163,0.006728974550027163,0.00043152718973671345,0.00043152718973671345,0.2479075833775022,0.0030100244721735538,0.0030100244721735538,0.007084927855648043,0.007084927855648043,0.1,pionIDNN
2.0,2.2,0.225,0.5,0,2,1.2946040906336136,0.02520512027870268,0.02520512027870268,0.0019709369597868953,0.0019709369597868953,0.3078485914258336,0.006735378641779945,0.006735378641779945,0.00130387401467702,0.00130387401467702,0.23779361864611778,0.0029758731878518985,0.0029758731878518985,0.0035683825251363044,0.0035683825251363044,0.1,pionIDNN
2.0,2.2,0.5,0.766,-2,0,1.2818693170583293,0.026715762720097225,0.026715762720097225,0.002065908930320992,0.002065908930320992,0.2713891466854854,0.006301600162839741,0.006301600162839741,0.0015008217258768441,0.0015008217258768441,0.21171358349404684,0.002797289548039877,0.002797289548039877,0.004902196676289022,0.004902196676289022,0.1,pionIDNN
2.0,2.2,0.5,0.766,0,2,1.3549463206412293,0.02697663882073503,0.02697663882073503,0.000644056378377611,0.000644056378377611,0.2673173484475598,0.006194876204652634,0.006194876204652634,0.0014650411538110752,0.0014650411538110752,0.19728999176960135,0.0027244145957615097,0.0027244145957615097,0.006230316157105675,0.006230316157105675,0.1,pionIDNN
2.0,2.2,0.766,0.8829,-2,0,1.4065981608611857,0.03977993888167848,0.03977993888167848,0.0021838100003841454,0.0021838100003841454,0.26275208526928606,0.008939098362431768,0.008939098362431768,0.002467363181638149,0.002467363181638149,0.18679967924059906,0.0038510310920063812,0.0038510310920063812,0.009141124142064777,0.009141124142064777,0.1,pionIDNN
2.0,2.2,0.766,0.8829,0,2,1.4164215229622403,0.041629581918218285,0.041629581918218285,0.0008587523931520291,0.0008587523931520291,0.24225745091513254,0.008638924877632383,0.008638924877632383,0.0018943007564724557,0.0018943007564724557,0.1710348557881881,0.003673784799666269,0.003673784799666269,0.005188228115780208,0.005188228115780208,0.1,pionIDNN
2.0,2.2,0.8829,0.9563,-2,0,1.1110981825648656,0.07121878816002485,0.07121878816002485,0.00976075471698934,0.00976075471698934,0.16905359571195475,0.010728673399147645,0.010728673399147645,0.0043078017561877235,0.0043078017561877235,0.15215000651131516,0.00491739925219752,0.00491739925219752,0.027021326075470947,0.027021326075470947,0.1,pionIDNN
2.0,2.2,0.8829,0.9563,0,2,1.1247840890102982,0.07349677105840598,0.07349677105840598,0.01229021018025489,0.01229021018025489,0.15060607433528755,0.0098804624874144,0.0098804624874144,0.00402072913064333,0.00402072913064333,0.13389776385244426,0.004436447436968132,0.004436447436968132,0.019562888998700262,0.019562888998700262,0.1,pionIDNN
2.2,2.5,-0.866,-0.423,-2,0,0.9841390247449259,0.007435552703742701,0.007435552703742701,0.0031489878862948073,0.0031489878862948073,0.7621189919073889,0.005157838189214135,0.005157838189214135,0.00481496775979684,0.00481496775979684,0.7744017590450889,0.0023849654245435446,0.0023849654245435446,0.029583565119508992,0.029583565119508992,0.1,pionIDNN
2.2,2.5,-0.866,-0.423,0,2,0.9747585867312452,0.008244578493340206,0.008244578493340206,0.0027202614219565824,0.0027202614219565824,0.7398543003620933,0.005600872382471343,0.005600872382471343,0.004624987824273119,0.004624987824273119,0.7590128575764798,0.00247868390214557,0.00247868390214557,0.03113946738343465,0.03113946738343465,0.1,pionIDNN
2.2,2.5,-0.423,-0.1045,-2,0,1.3827427493040556,0.036198591232185266,0.036198591232185266,0.011303491292992573,0.011303491292992573,0.15619779762792152,0.004839158624017032,0.004839158624017032,0.0030202880554646983,0.0030202880554646983,0.11296229736625775,0.0021148936533511124,0.0021148936533511124,0.019499804045137972,0.019499804045137972,0.1,pionIDNN
2.2,2.5,-0.423,-0.1045,0,2,1.3910850625977869,0.03895609147184435,0.03895609147184435,0.012434692799529579,0.012434692799529579,0.1479141707435469,0.00498701522123281,0.00498701522123281,0.0034268258627351833,0.0034268258627351833,0.10633006903785168,0.0020750314619324066,0.0020750314619324066,0.02035335469544637,0.02035335469544637,0.1,pionIDNN
2.2,2.5,-0.1045,0.225,-2,0,1.341699206558285,0.025595665900361598,0.025595665900361598,0.0003199392819355218,0.0003199392819355218,0.23133661830135363,0.00511955724976109,0.00511955724976109,0.001071034186491182,0.001071034186491182,0.17242062689652796,0.0022173742520067044,0.0022173742520067044,0.013780982915660628,0.013780982915660628,0.1,pionIDNN
2.2,2.5,-0.1045,0.225,0,2,1.3813327738928778,0.027263757758168444,0.027263757758168444,0.00596307387767725,0.00596307387767725,0.2186363607659801,0.005140067689406049,0.005140067689406049,0.002281305209703599,0.002281305209703599,0.15827928280440215,0.002185218012241315,0.002185218012241315,0.014559573013961657,0.014559573013961657,0.1,pionIDNN
2.2,2.5,0.225,0.5,-2,0,1.2940736208012822,0.01801918947725122,0.01801918947725122,0.00017216055858537693,0.00017216055858537693,0.3737320231071209,0.0058055655127906254,0.0058055655127906254,0.0008075206172840076,0.0008075206172840076,0.28880275209976725,0.0026372137405246024,0.0026372137405246024,0.010934870533132579,0.010934870533132579,0.1,pionIDNN
2.2,2.5,0.225,0.5,0,2,1.2804406637260455,0.019303529531121848,0.019303529531121848,0.0009190613526466329,0.0009190613526466329,0.3533570388143688,0.005941763773508862,0.005941763773508862,0.0010586616488079126,0.0010586616488079126,0.2759651804450743,0.002616228875423205,0.002616228875423205,0.008848211746635859,0.008848211746635859,0.1,pionIDNN
2.2,2.5,0.5,0.766,-2,0,1.2520953991480237,0.021798111200345267,0.021798111200345267,0.0027230721092592614,0.0027230721092592614,0.2706984810199882,0.005146192233722855,0.005146192233722855,0.0014649045823175721,0.0014649045823175721,0.21619637066327566,0.0023057875487603407,0.0023057875487603407,0.008166160714713516,0.008166160714713516,0.1,pionIDNN
2.2,2.5,0.5,0.766,0,2,1.304355533577171,0.021972362238802685,0.021972362238802685,0.0010311526658519643,0.0010311526658519643,0.2703912847430534,0.005161899855681163,0.005161899855681163,0.0011321948500634393,0.0011321948500634393,0.2072987600255816,0.002255065746535174,0.002255065746535174,0.008390580605119491,0.008390580605119491,0.1,pionIDNN
2.2,2.5,0.766,0.8829,-2,0,1.4362680797556546,0.03402637781086393,0.03402637781086393,0.0019146174853941211,0.0019146174853941211,0.2413067615881893,0.007014267993390892,0.007014267993390892,0.0012839498866629995,0.0012839498866629995,0.16800955545098634,0.002971702301714941,0.002971702301714941,0.013982883716257166,0.013982883716257166,0.1,pionIDNN
2.2,2.5,0.766,0.8829,0,2,1.4863888252775774,0.034697875086198746,0.034697875086198746,0.0015324760241484103,0.0015324760241484103,0.2308678873651903,0.0067868687178656,0.0067868687178656,0.0019512740895948621,0.0019512740895948621,0.15532132873918544,0.0028629195232463766,0.0028629195232463766,0.010409900742970657,0.010409900742970657,0.1,pionIDNN
2.2,2.5,0.8829,0.9563,-2,0,1.2359213301030962,0.061383250151467256,0.061383250151467256,0.011107965136658793,0.011107965136658793,0.15913580504727,0.008582673634707222,0.008582673634707222,0.0038355144033533632,0.0038355144033533632,0.12875884667675042,0.0037740476041213705,0.0037740476041213705,0.0251722893939548,0.0251722893939548,0.1,pionIDNN
2.2,2.5,0.8829,0.9563,0,2,1.3561494321589171,0.0643324437612734,0.0643324437612734,0.0004687300057746313,0.0004687300057746313,0.14308576071392382,0.00800420016771066,0.00800420016771066,0.00250617906679354,0.00250617906679354,0.10550884535352344,0.00335211620535846,0.00335211620535846,0.01927747943280135,0.01927747943280135,0.1,pionIDNN
2.5,3.0,-0.866,-0.423,-2,0,0.9777166923618994,0.00915347001497199,0.00915347001497199,0.003176705624266196,0.003176705624266196,0.6946449486701739,0.005796207045545809,0.005796207045545809,0.004758953139669231,0.004758953139669231,0.7104767199914521,0.002673651896687181,0.002673651896687181,0.03409092838296224,0.03409092838296224,0.1,pionIDNN
2.5,3.0,-0.866,-0.423,0,2,0.9542134446664853,0.01087588504246707,0.01087588504246707,0.002429849678536433,0.002429849678536433,0.6441171099265842,0.006479003019354414,0.006479003019354414,0.004417828305067872,0.004417828305067872,0.6750241400672307,0.0027919193444781156,0.0027919193444781156,0.03675704930838308,0.03675704930838308,0.1,pionIDNN
2.5,3.0,-0.423,-0.1045,-2,0,1.425813920828639,0.030948645788949822,0.030948645788949822,0.006708408016394385,0.006708408016394385,0.18473570765383263,0.004874053129361906,0.004874053129361906,0.0019782085653234083,0.0019782085653234083,0.12956508907310285,0.0020960218106378012,0.0020960218106378012,0.02188549279872143,0.02188549279872143,0.1,pionIDNN
2.5,3.0,-0.423,-0.1045,0,2,1.6123563153664922,0.031677044270627674,0.031677044270627674,0.0010548881465854976,0.0010548881465854976,0.18953278432819165,0.004991106035746263,0.004991106035746263,0.001419800514336933,0.001419800514336933,0.1175501857262304,0.002069582964990553,0.002069582964990553,0.02106107150680485,0.02106107150680485,0.1,pionIDNN
2.5,3.0,-0.1045,0.225,-2,0,1.2883581541616758,0.01980248703221209,0.01980248703221209,0.0036044814395028713,0.0036044814395028713,0.28200653048510593,0.004851223639301918,0.004851223639301918,0.0023559337163626126,0.0023559337163626126,0.21888830336049317,0.002147022223415661,0.002147022223415661,0.0183272693199098,0.0183272693199098,0.1,pionIDNN
2.5,3.0,-0.1045,0.225,0,2,1.4057062286046422,0.02048448498510552,0.02048448498510552,0.005136481130499693,0.005136481130499693,0.28269854251553117,0.004976198413684562,0.004976198413684562,0.0021315047058195202,0.0021315047058195202,0.20110783943537658,0.0021069965040311635,0.0021069965040311635,0.017548628805394956,0.017548628805394956,0.1,pionIDNN
2.5,3.0,0.225,0.5,-2,0,1.210497560081752,0.012882926651264445,0.012882926651264445,0.0009927086588177314,0.0009927086588177314,0.44116670414737125,0.004943102280472984,0.004943102280472984,0.0012002995207091582,0.0012002995207091582,0.3644507173707782,0.0023172429479356433,0.0023172429479356433,0.014503768234716219,0.014503768234716219,0.1,pionIDNN
2.5,3.0,0.225,0.5,0,2,1.2481666186429563,0.013239350686866344,0.013239350686866344,0.0004603883745808446,0.0004603883745808446,0.4397038579061754,0.005056133619088063,0.005056133619088063,0.0010055269640243947,0.0010055269640243947,0.35227977686523493,0.002311516612645344,0.002311516612645344,0.013058668686060428,0.013058668686060428,0.1,pionIDNN
2.5,3.0,0.5,0.766,-2,0,1.261231543186774,0.014467823932447109,0.014467823932447109,0.0014306412378057853,0.0014306412378057853,0.3407043946733598,0.004275884733833672,0.004275884733833672,0.001127934795548735,0.001127934795548735,0.2701362779212582,0.00194445858640856,0.00194445858640856,0.015287069647779872,0.015287069647779872,0.1,pionIDNN
2.5,3.0,0.5,0.766,0,2,1.2868080793061814,0.01468567511127124,0.01468567511127124,0.0004946079468881592,0.0004946079468881592,0.33697023257101616,0.004287199315356423,0.004287199315356423,0.0007166566157920662,0.0007166566157920662,0.26186518253188396,0.0019207384233909592,0.0019207384233909592,0.013981359254859549,0.013981359254859549,0.1,pionIDNN
2.5,3.0,0.766,0.8829,-2,0,1.462294403150489,0.027934958986799204,0.027934958986799204,0.0026787473359555225,0.0026787473359555225,0.2181456734312132,0.005170412171467959,0.005170412171467959,0.0016178633687582156,0.0016178633687582156,0.14918040646344674,0.0022056199275025403,0.0022056199275025403,0.017761048616141972,0.017761048616141972,0.1,pionIDNN
2.5,3.0,0.766,0.8829,0,2,1.5528394275859918,0.029061924797303747,0.029061924797303747,0.0034786692632235994,0.0034786692632235994,0.20507867601599095,0.004995660799794518,0.004995660799794518,0.0007975625502887607,0.0007975625502887607,0.13206689138155225,0.002093162808029061,0.002093162808029061,0.018130967091445876,0.018130967091445876,0.1,pionIDNN
2.5,3.0,0.8829,0.9563,-2,0,1.2069260461006786,0.059001780396183395,0.059001780396183395,0.011153807225799062,0.011153807225799062,0.11741908946188508,0.0061075253331823185,0.0061075253331823185,0.0035427488758602993,0.0035427488758602993,0.09728772516032874,0.002709555206355797,0.002709555206355797,0.029647093542472386,0.029647093542472386,0.1,pionIDNN
2.5,3.0,0.8829,0.9563,0,2,1.3747184061353526,0.05981699322725741,0.05981699322725741,0.015784566205582218,0.015784566205582218,0.1094104388010544,0.005612939255903452,0.005612939255903452,0.0031144386544189884,0.0031144386544189884,0.07958752738943253,0.0024481547337005705,0.0024481547337005705,0.02385008535086536,0.02385008535086536,0.1,pionIDNN
3.0,3.5,-0.866,-0.423,-2,0,0.9554176533524101,0.01971608671516809,0.01971608671516809,0.0018107378414959907,0.0018107378414959907,0.6091006723791363,0.01106883688066166,0.01106883688066166,0.003335605887339388,0.003335605887339388,0.637522941136683,0.004875571451857472,0.004875571451857472,0.03624953097303063,0.03624953097303063,0.1,pionIDNN
3.0,3.5,-0.866,-0.423,0,2,0.9387972030959525,0.022641016539619307,0.022641016539619307,0.0019971272153491704,0.0019971272153491704,0.5612843246295399,0.011797359261896555,0.011797359261896555,0.003340357612278577,0.003340357612278577,0.5978760085549298,0.005032039927399303,0.005032039927399303,0.03544525185796399,0.03544525185796399,0.1,pionIDNN
3.0,3.5,-0.423,-0.1045,-2,0,1.4548195972107618,0.037650044676321555,0.037650044676321555,0.0005093066668695467,0.0005093066668695467,0.2584144265093553,0.008367812534093775,0.008367812534093775,0.0005514183189754829,0.0005514183189754829,0.17762644042243983,0.0034119671885346242,0.0034119671885346242,0.023347207582640084,0.023347207582640084,0.1,pionIDNN
3.0,3.5,-0.423,-0.1045,0,2,1.5083385415187962,0.03799875809068769,0.03799875809068769,0.004711738492689133,0.004711738492689133,0.25871825553892785,0.008382142662960747,0.008382142662960747,0.0009306251152541023,0.0009306251152541023,0.17152532300766898,0.003405665295449801,0.003405665295449801,0.020107242144172505,0.020107242144172505,0.1,pionIDNN
3.0,3.5,-0.1045,0.225,-2,0,1.2819810503389135,0.020843473343618104,0.020843473343618104,0.0006022933939282549,0.0006022933939282549,0.3847965723686915,0.006923765493558649,0.006923765493558649,0.00033880855502427254,0.00033880855502427254,0.30015776931099253,0.0031579541402383914,0.0031579541402383914,0.018088198430942948,0.018088198430942948,0.1,pionIDNN
3.0,3.5,-0.1045,0.225,0,2,1.3731932092639123,0.02138827642574967,0.02138827642574967,0.002540317153894245,0.002540317153894245,0.38971650295331456,0.007140999641254334,0.007140999641254334,0.0011564596376277825,0.0011564596376277825,0.28380310966016103,0.0031309150959325785,0.0031309150959325785,0.01643192797992482,0.01643192797992482,0.1,pionIDNN
3.0,3.5,0.225,0.5,-2,0,1.1431639619837046,0.013371358557121571,0.013371358557121571,0.0001301507476005881,0.0001301507476005881,0.522550568762715,0.006120408640128602,0.006120408640128602,0.000542596304552001,0.000542596304552001,0.4571090290984556,0.002948583547226393,0.002948583547226393,0.014409380211880263,0.014409380211880263,0.1,pionIDNN
3.0,3.5,0.225,0.5,0,2,1.1853398706260272,0.013321743272019624,0.013321743272019624,0.0004130748033603915,0.0004130748033603915,0.5319043172868786,0.0061745059157887715,0.0061745059157887715,0.00010480893614406295,0.00010480893614406295,0.44873570059358403,0.0029328292271869586,0.0029328292271869586,0.010695527045932351,0.010695527045932351,0.1,pionIDNN
3.0,3.5,0.5,0.766,-2,0,1.1481357853048937,0.015136896098417098,0.015136896098417098,0.0007014846451920409,0.0007014846451920409,0.3619549918625343,0.004826835261582668,0.004826835261582668,0.0011133048487656505,0.0011133048487656505,0.3152545164911964,0.0022577860220720364,0.0022577860220720364,0.01648869589144758,0.01648869589144758,0.1,pionIDNN
3.0,3.5,0.5,0.766,0,2,1.2771706020040392,0.014477417774165882,0.014477417774165882,0.0012024705626945131,0.0012024705626945131,0.38684213404651857,0.004824220193415549,0.004824220193415549,0.0012808148917859974,0.0012808148917859974,0.30288994550885784,0.0022273321038926578,0.0022273321038926578,0.017043220740097897,0.017043220740097897,0.1,pionIDNN
3.0,3.5,0.766,0.8829,-2,0,1.3729536696785798,0.029135857212084424,0.029135857212084424,0.003702499821228944,0.003702499821228944,0.21763588446943416,0.005432234876777237,0.005432234876777237,0.0022564639596418246,0.0022564639596418246,0.15851655396382355,0.0023824287462670133,0.0023824287462670133,0.02027623178635793,0.02027623178635793,0.1,pionIDNN
3.0,3.5,0.766,0.8829,0,2,1.548928657196349,0.028847407810844782,0.028847407810844782,0.003812981911787361,0.003812981911787361,0.2224337093012218,0.005358031760495797,0.005358031760495797,0.002414587391508599,0.002414587391508599,0.14360487700178506,0.0022793431558235876,0.0022793431558235876,0.021570172643219143,0.021570172643219143,0.1,pionIDNN
3.0,3.5,0.8829,0.9563,-2,0,1.407220779561636,0.06570717975348164,0.06570717975348164,0.023100955294695913,0.023100955294695913,0.12340699393051685,0.006977051105868229,0.006977051105868229,0.006029389398388346,0.006029389398388346,0.08769554551984332,0.002936177783111673,0.002936177783111673,0.030309138787726314,0.030309138787726314,0.1,pionIDNN
3.0,3.5,0.8829,0.9563,0,2,1.3996896841616706,0.0725988476469369,0.0725988476469369,0.0034003039927468226,0.0034003039927468226,0.10009616998337868,0.006200065926363569,0.006200065926363569,0.003347383554945127,0.003347383554945127,0.07151311545410884,0.0027079723131169463,0.0027079723131169463,0.027338242474441735,0.027338242474441735,0.1,pionIDNN
